CONTRASENA;IDHOSTAL;NOMBRE;DESCRIPCION;HORAATENCION;UBICACION;USUARIO
contrasena1;1;nombre1;descripcion1;17;calle 1 #1;usuario1
contrasena2;2;nombre2;descripcion2;10;calle 2 #2;usuario2
contrasena3;3;nombre3;descripcion3;10;calle 1 #2;usuario3
contrasena4;4;nombre4;descripcion4;13;calle 2 #3;usuario4
contrasena5;5;nombre5;descripcion5;6;calle 1 #3;usuario5
contrasena6;6;nombre6;descripcion6;24;calle 2 #4;usuario6
contrasena7;7;nombre7;descripcion7;1;calle 1 #4;usuario7
contrasena8;8;nombre8;descripcion8;2;calle 2 #5;usuario8
contrasena9;9;nombre9;descripcion9;14;calle 1 #5;usuario9
contrasena10;10;nombre10;descripcion10;18;calle 2 #6;usuario10
contrasena11;11;nombre11;descripcion11;8;calle 1 #6;usuario11
contrasena12;12;nombre12;descripcion12;1;calle 2 #7;usuario12
contrasena13;13;nombre13;descripcion13;6;calle 1 #7;usuario13
contrasena14;14;nombre14;descripcion14;17;calle 2 #8;usuario14
contrasena15;15;nombre15;descripcion15;23;calle 1 #8;usuario15
contrasena16;16;nombre16;descripcion16;1;calle 2 #9;usuario16
contrasena17;17;nombre17;descripcion17;4;calle 1 #9;usuario17
contrasena18;18;nombre18;descripcion18;15;calle 2 #10;usuario18
contrasena19;19;nombre19;descripcion19;20;calle 1 #10;usuario19
contrasena20;20;nombre20;descripcion20;10;calle 2 #11;usuario20
