CONTRASENA;IDVIVIENDAUNIVERSITARIA;NOMBRE;HORAATENCION;DESCRIPCION;USUARIO
contrasena1;1;nombre1;11;descripcion1;usuario1
contrasena2;2;nombre2;3;descripcion2;usuario2
contrasena3;3;nombre3;1;descripcion3;usuario3
contrasena4;4;nombre4;3;descripcion4;usuario4
contrasena5;5;nombre5;22;descripcion5;usuario5
contrasena6;6;nombre6;20;descripcion6;usuario6
contrasena7;7;nombre7;19;descripcion7;usuario7
contrasena8;8;nombre8;20;descripcion8;usuario8
contrasena9;9;nombre9;12;descripcion9;usuario9
contrasena10;10;nombre10;19;descripcion10;usuario10
